parameter_no,no1,no2,no3,no4,no5,no6,no7,no8,no9,no10,no11,no12,no13,no14,no15,no16,no17,no18,no19,no20
000,1,2,3,4,5,-,-,-,-,-,-,-,-,-,-,-,-,-,-,-
001,1,3,4,5,-,-,-,-,-,-,-,-,-,-,-,-,-,-,-,-
002,1,-,-,-,-,-,-,-,-,-,-,-,-,-,-,-,-,-,-,-
003,1,-,-,-,-,-,-,-,-,-,-,-,-,-,-,-,-,-,-,-
004,1,3,4,-,-,-,-,-,-,-,-,-,-,-,-,-,-,-,-,-
005,1,-,-,-,-,-,-,-,-,-,-,-,-,-,-,-,-,-,-,-
006,1,-,-,-,-,-,-,-,-,-,-,-,-,-,-,-,-,-,-,-
007,1,-,-,-,-,-,-,-,-,-,-,-,-,-,-,-,-,-,-,-
008,1,-,-,-,-,-,-,-,-,-,-,-,-,-,-,-,-,-,-,-
009,1,4,-,-,-,-,-,-,-,-,-,-,-,-,-,-,-,-,-,-
010,1,-,-,-,-,-,-,-,-,-,-,-,-,-,-,-,-,-,-,-
011,1,3,4,5,-,-,-,-,-,-,-,-,-,-,-,-,-,-,-,-
012,1,3,4,-,-,-,-,-,-,-,-,-,-,-,-,-,-,-,-,-
013,1,2,3,4,5,-,-,-,-,-,-,-,-,-,-,-,-,-,-,-
014,1,3,4,5,-,-,-,-,-,-,-,-,-,-,-,-,-,-,-,-
015,1,3,4,-,-,-,-,-,-,-,-,-,-,-,-,-,-,-,-,-
016,1,-,-,-,-,-,-,-,-,-,-,-,-,-,-,-,-,-,-,-
017,1,-,-,-,-,-,-,-,-,-,-,-,-,-,-,-,-,-,-,-
018,1,-,-,-,-,-,-,-,-,-,-,-,-,-,-,-,-,-,-,-
019,1,-,-,-,-,-,-,-,-,-,-,-,-,-,-,-,-,-,-,-
020,1,-,-,-,-,-,-,-,-,-,-,-,-,-,-,-,-,-,-,-
021,1,-,-,-,-,-,-,-,-,-,-,-,-,-,-,-,-,-,-,-
022,1,4,5,-,-,-,-,-,-,-,-,-,-,-,-,-,-,-,-,-
023,1,3,4,5,-,-,-,-,-,-,-,-,-,-,-,-,-,-,-,-
024,1,-,-,-,-,-,-,-,-,-,-,-,-,-,-,-,-,-,-,-
025,1,-,-,-,-,-,-,-,-,-,-,-,-,-,-,-,-,-,-,-
026,1,3,4,-,-,-,-,-,-,-,-,-,-,-,-,-,-,-,-,-
027,1,3,4,5,-,-,-,-,-,-,-,-,-,-,-,-,-,-,-,-
028,1,3,4,-,-,-,-,-,-,-,-,-,-,-,-,-,-,-,-,-
029,1,-,-,-,-,-,-,-,-,-,-,-,-,-,-,-,-,-,-,-
030,1,-,-,-,-,-,-,-,-,-,-,-,-,-,-,-,-,-,-,-
031,-,-,-,-,-,-,-,-,-,-,-,-,-,-,-,-,-,-,-,-
032,1,-,-,-,-,-,-,-,-,-,-,-,-,-,-,-,-,-,-,-
033,1,4,-,-,-,-,-,-,-,-,-,-,-,-,-,-,-,-,-,-
034,1,3,4,5,-,-,-,-,-,-,-,-,-,-,-,-,-,-,-,-
035,1,-,-,-,-,-,-,-,-,-,-,-,-,-,-,-,-,-,-,-
036,1,-,-,-,-,-,-,-,-,-,-,-,-,-,-,-,-,-,-,-
037,1,-,-,-,-,-,-,-,-,-,-,-,-,-,-,-,-,-,-,-
038,1,-,-,-,-,-,-,-,-,-,-,-,-,-,-,-,-,-,-,-
039,1,-,-,-,-,-,-,-,-,-,-,-,-,-,-,-,-,-,-,-
040,1,3,4,5,-,-,-,-,-,-,-,-,-,-,-,-,-,-,-,-
041,1,-,-,-,-,-,-,-,-,-,-,-,-,-,-,-,-,-,-,-
042,1,-,-,-,-,-,-,-,-,-,-,-,-,-,-,-,-,-,-,-
043,1,4,-,-,-,-,-,-,-,-,-,-,-,-,-,-,-,-,-,-
044,1,-,-,-,-,-,-,-,-,-,-,-,-,-,-,-,-,-,-,-
045,1,-,-,-,-,-,-,-,-,-,-,-,-,-,-,-,-,-,-,-
046,1,4,-,-,-,-,-,-,-,-,-,-,-,-,-,-,-,-,-,-
047,1,4,-,-,-,-,-,-,-,-,-,-,-,-,-,-,-,-,-,-
048,1,2,4,-,-,-,-,-,-,-,-,-,-,-,-,-,-,-,-,-
049,1,4,-,-,-,-,-,-,-,-,-,-,-,-,-,-,-,-,-,-
050,-,-,-,-,-,-,-,-,-,-,-,-,-,-,-,-,-,-,-,-
051,4,-,-,-,-,-,-,-,-,-,-,-,-,-,-,-,-,-,-,-
052,-,-,-,-,-,-,-,-,-,-,-,-,-,-,-,-,-,-,-,-
053,-,-,-,-,-,-,-,-,-,-,-,-,-,-,-,-,-,-,-,-
054,-,-,-,-,-,-,-,-,-,-,-,-,-,-,-,-,-,-,-,-
055,4,-,-,-,-,-,-,-,-,-,-,-,-,-,-,-,-,-,-,-
056,1,3,4,-,-,-,-,-,-,-,-,-,-,-,-,-,-,-,-,-
057,1,-,-,-,-,-,-,-,-,-,-,-,-,-,-,-,-,-,-,-
058,1,3,-,-,-,-,-,-,-,-,-,-,-,-,-,-,-,-,-,-
059,-,-,-,-,-,-,-,-,-,-,-,-,-,-,-,-,-,-,-,-
060,4,-,-,-,-,-,-,-,-,-,-,-,-,-,-,-,-,-,-,-
061,1,-,-,-,-,-,-,-,-,-,-,-,-,-,-,-,-,-,-,-
062,1,2,4,5,-,-,-,-,-,-,-,-,-,-,-,-,-,-,-,-
063,-,-,-,-,-,-,-,-,-,-,-,-,-,-,-,-,-,-,-,-
064,1,4,-,-,-,-,-,-,-,-,-,-,-,-,-,-,-,-,-,-
065,-,-,-,-,-,-,-,-,-,-,-,-,-,-,-,-,-,-,-,-
066,4,-,-,-,-,-,-,-,-,-,-,-,-,-,-,-,-,-,-,-
067,1,-,-,-,-,-,-,-,-,-,-,-,-,-,-,-,-,-,-,-
068,-,-,-,-,-,-,-,-,-,-,-,-,-,-,-,-,-,-,-,-
069,-,-,-,-,-,-,-,-,-,-,-,-,-,-,-,-,-,-,-,-
070,-,-,-,-,-,-,-,-,-,-,-,-,-,-,-,-,-,-,-,-
071,-,-,-,-,-,-,-,-,-,-,-,-,-,-,-,-,-,-,-,-
072,-,-,-,-,-,-,-,-,-,-,-,-,-,-,-,-,-,-,-,-
073,-,-,-,-,-,-,-,-,-,-,-,-,-,-,-,-,-,-,-,-
074,-,-,-,-,-,-,-,-,-,-,-,-,-,-,-,-,-,-,-,-
075,1,-,-,-,-,-,-,-,-,-,-,-,-,-,-,-,-,-,-,-
076,1,-,-,-,-,-,-,-,-,-,-,-,-,-,-,-,-,-,-,-
077,1,-,-,-,-,-,-,-,-,-,-,-,-,-,-,-,-,-,-,-
078,1,-,-,-,-,-,-,-,-,-,-,-,-,-,-,-,-,-,-,-
079,1,-,-,-,-,-,-,-,-,-,-,-,-,-,-,-,-,-,-,-
080,-,-,-,-,-,-,-,-,-,-,-,-,-,-,-,-,-,-,-,-
081,1,3,4,-,-,-,-,-,-,-,-,-,-,-,-,-,-,-,-,-
082,1,-,-,-,-,-,-,-,-,-,-,-,-,-,-,-,-,-,-,-
083,-,-,-,-,-,-,-,-,-,-,-,-,-,-,-,-,-,-,-,-
084,1,4,5,-,-,-,-,-,-,-,-,-,-,-,-,-,-,-,-,-
085,-,-,-,-,-,-,-,-,-,-,-,-,-,-,-,-,-,-,-,-
086,1,4,-,-,-,-,-,-,-,-,-,-,-,-,-,-,-,-,-,-
087,1,4,-,-,-,-,-,-,-,-,-,-,-,-,-,-,-,-,-,-
088,1,-,-,-,-,-,-,-,-,-,-,-,-,-,-,-,-,-,-,-
089,-,-,-,-,-,-,-,-,-,-,-,-,-,-,-,-,-,-,-,-
090,-,-,-,-,-,-,-,-,-,-,-,-,-,-,-,-,-,-,-,-
091,-,-,-,-,-,-,-,-,-,-,-,-,-,-,-,-,-,-,-,-
092,-,-,-,-,-,-,-,-,-,-,-,-,-,-,-,-,-,-,-,-
093,-,-,-,-,-,-,-,-,-,-,-,-,-,-,-,-,-,-,-,-
094,-,-,-,-,-,-,-,-,-,-,-,-,-,-,-,-,-,-,-,-
095,1,-,-,-,-,-,-,-,-,-,-,-,-,-,-,-,-,-,-,-
096,-,-,-,-,-,-,-,-,-,-,-,-,-,-,-,-,-,-,-,-
097,-,-,-,-,-,-,-,-,-,-,-,-,-,-,-,-,-,-,-,-
098,-,-,-,-,-,-,-,-,-,-,-,-,-,-,-,-,-,-,-,-
099,1,3,4,-,-,-,-,-,-,-,-,-,-,-,-,-,-,-,-,-
100,-,-,-,-,-,-,-,-,-,-,-,-,-,-,-,-,-,-,-,-
101,5,-,-,-,-,-,-,-,-,-,-,-,-,-,-,-,-,-,-,-
102,-,-,-,-,-,-,-,-,-,-,-,-,-,-,-,-,-,-,-,-
103,3,-,-,-,-,-,-,-,-,-,-,-,-,-,-,-,-,-,-,-
104,-,-,-,-,-,-,-,-,-,-,-,-,-,-,-,-,-,-,-,-
105,-,-,-,-,-,-,-,-,-,-,-,-,-,-,-,-,-,-,-,-
106,1,-,-,-,-,-,-,-,-,-,-,-,-,-,-,-,-,-,-,-
107,-,-,-,-,-,-,-,-,-,-,-,-,-,-,-,-,-,-,-,-
108,-,-,-,-,-,-,-,-,-,-,-,-,-,-,-,-,-,-,-,-
109,-,-,-,-,-,-,-,-,-,-,-,-,-,-,-,-,-,-,-,-
110,-,-,-,-,-,-,-,-,-,-,-,-,-,-,-,-,-,-,-,-
111,-,-,-,-,-,-,-,-,-,-,-,-,-,-,-,-,-,-,-,-
112,-,-,-,-,-,-,-,-,-,-,-,-,-,-,-,-,-,-,-,-
113,-,-,-,-,-,-,-,-,-,-,-,-,-,-,-,-,-,-,-,-
114,1,-,-,-,-,-,-,-,-,-,-,-,-,-,-,-,-,-,-,-
115,-,-,-,-,-,-,-,-,-,-,-,-,-,-,-,-,-,-,-,-
116,1,-,-,-,-,-,-,-,-,-,-,-,-,-,-,-,-,-,-,-
117,1,-,-,-,-,-,-,-,-,-,-,-,-,-,-,-,-,-,-,-
118,-,-,-,-,-,-,-,-,-,-,-,-,-,-,-,-,-,-,-,-
119,-,-,-,-,-,-,-,-,-,-,-,-,-,-,-,-,-,-,-,-
120,-,-,-,-,-,-,-,-,-,-,-,-,-,-,-,-,-,-,-,-
121,-,-,-,-,-,-,-,-,-,-,-,-,-,-,-,-,-,-,-,-
122,-,-,-,-,-,-,-,-,-,-,-,-,-,-,-,-,-,-,-,-
123,-,-,-,-,-,-,-,-,-,-,-,-,-,-,-,-,-,-,-,-
124,-,-,-,-,-,-,-,-,-,-,-,-,-,-,-,-,-,-,-,-
125,-,-,-,-,-,-,-,-,-,-,-,-,-,-,-,-,-,-,-,-
126,-,-,-,-,-,-,-,-,-,-,-,-,-,-,-,-,-,-,-,-
127,-,-,-,-,-,-,-,-,-,-,-,-,-,-,-,-,-,-,-,-
128,-,-,-,-,-,-,-,-,-,-,-,-,-,-,-,-,-,-,-,-
129,-,-,-,-,-,-,-,-,-,-,-,-,-,-,-,-,-,-,-,-
130,-,-,-,-,-,-,-,-,-,-,-,-,-,-,-,-,-,-,-,-
131,-,-,-,-,-,-,-,-,-,-,-,-,-,-,-,-,-,-,-,-
132,1,-,-,-,-,-,-,-,-,-,-,-,-,-,-,-,-,-,-,-
133,1,-,-,-,-,-,-,-,-,-,-,-,-,-,-,-,-,-,-,-
134,-,-,-,-,-,-,-,-,-,-,-,-,-,-,-,-,-,-,-,-
135,-,-,-,-,-,-,-,-,-,-,-,-,-,-,-,-,-,-,-,-
136,-,-,-,-,-,-,-,-,-,-,-,-,-,-,-,-,-,-,-,-
137,-,-,-,-,-,-,-,-,-,-,-,-,-,-,-,-,-,-,-,-
138,-,-,-,-,-,-,-,-,-,-,-,-,-,-,-,-,-,-,-,-
139,-,-,-,-,-,-,-,-,-,-,-,-,-,-,-,-,-,-,-,-
140,-,-,-,-,-,-,-,-,-,-,-,-,-,-,-,-,-,-,-,-
141,-,-,-,-,-,-,-,-,-,-,-,-,-,-,-,-,-,-,-,-
142,-,-,-,-,-,-,-,-,-,-,-,-,-,-,-,-,-,-,-,-
143,-,-,-,-,-,-,-,-,-,-,-,-,-,-,-,-,-,-,-,-
144,-,-,-,-,-,-,-,-,-,-,-,-,-,-,-,-,-,-,-,-
145,-,-,-,-,-,-,-,-,-,-,-,-,-,-,-,-,-,-,-,-
146,-,-,-,-,-,-,-,-,-,-,-,-,-,-,-,-,-,-,-,-
147,-,-,-,-,-,-,-,-,-,-,-,-,-,-,-,-,-,-,-,-
148,-,-,-,-,-,-,-,-,-,-,-,-,-,-,-,-,-,-,-,-
149,-,-,-,-,-,-,-,-,-,-,-,-,-,-,-,-,-,-,-,-
150,-,-,-,-,-,-,-,-,-,-,-,-,-,-,-,-,-,-,-,-
151,-,-,-,-,-,-,-,-,-,-,-,-,-,-,-,-,-,-,-,-
152,-,-,-,-,-,-,-,-,-,-,-,-,-,-,-,-,-,-,-,-
153,-,-,-,-,-,-,-,-,-,-,-,-,-,-,-,-,-,-,-,-
154,-,-,-,-,-,-,-,-,-,-,-,-,-,-,-,-,-,-,-,-
155,-,-,-,-,-,-,-,-,-,-,-,-,-,-,-,-,-,-,-,-
156,-,-,-,-,-,-,-,-,-,-,-,-,-,-,-,-,-,-,-,-
157,-,-,-,-,-,-,-,-,-,-,-,-,-,-,-,-,-,-,-,-
158,-,-,-,-,-,-,-,-,-,-,-,-,-,-,-,-,-,-,-,-
159,-,-,-,-,-,-,-,-,-,-,-,-,-,-,-,-,-,-,-,-
160,-,-,-,-,-,-,-,-,-,-,-,-,-,-,-,-,-,-,-,-
161,-,-,-,-,-,-,-,-,-,-,-,-,-,-,-,-,-,-,-,-
162,-,-,-,-,-,-,-,-,-,-,-,-,-,-,-,-,-,-,-,-
163,-,-,-,-,-,-,-,-,-,-,-,-,-,-,-,-,-,-,-,-
164,-,-,-,-,-,-,-,-,-,-,-,-,-,-,-,-,-,-,-,-
165,-,-,-,-,-,-,-,-,-,-,-,-,-,-,-,-,-,-,-,-
166,-,-,-,-,-,-,-,-,-,-,-,-,-,-,-,-,-,-,-,-
167,-,-,-,-,-,-,-,-,-,-,-,-,-,-,-,-,-,-,-,-
168,-,-,-,-,-,-,-,-,-,-,-,-,-,-,-,-,-,-,-,-
169,-,-,-,-,-,-,-,-,-,-,-,-,-,-,-,-,-,-,-,-
170,-,-,-,-,-,-,-,-,-,-,-,-,-,-,-,-,-,-,-,-
171,-,-,-,-,-,-,-,-,-,-,-,-,-,-,-,-,-,-,-,-
172,-,-,-,-,-,-,-,-,-,-,-,-,-,-,-,-,-,-,-,-
173,-,-,-,-,-,-,-,-,-,-,-,-,-,-,-,-,-,-,-,-
174,-,-,-,-,-,-,-,-,-,-,-,-,-,-,-,-,-,-,-,-
175,-,-,-,-,-,-,-,-,-,-,-,-,-,-,-,-,-,-,-,-
176,-,-,-,-,-,-,-,-,-,-,-,-,-,-,-,-,-,-,-,-
177,-,-,-,-,-,-,-,-,-,-,-,-,-,-,-,-,-,-,-,-
178,-,-,-,-,-,-,-,-,-,-,-,-,-,-,-,-,-,-,-,-
179,-,-,-,-,-,-,-,-,-,-,-,-,-,-,-,-,-,-,-,-
180,-,-,-,-,-,-,-,-,-,-,-,-,-,-,-,-,-,-,-,-
181,-,-,-,-,-,-,-,-,-,-,-,-,-,-,-,-,-,-,-,-
182,-,-,-,-,-,-,-,-,-,-,-,-,-,-,-,-,-,-,-,-
183,-,-,-,-,-,-,-,-,-,-,-,-,-,-,-,-,-,-,-,-
184,-,-,-,-,-,-,-,-,-,-,-,-,-,-,-,-,-,-,-,-
185,-,-,-,-,-,-,-,-,-,-,-,-,-,-,-,-,-,-,-,-
186,-,-,-,-,-,-,-,-,-,-,-,-,-,-,-,-,-,-,-,-
187,-,-,-,-,-,-,-,-,-,-,-,-,-,-,-,-,-,-,-,-
188,-,-,-,-,-,-,-,-,-,-,-,-,-,-,-,-,-,-,-,-
189,-,-,-,-,-,-,-,-,-,-,-,-,-,-,-,-,-,-,-,-
190,-,-,-,-,-,-,-,-,-,-,-,-,-,-,-,-,-,-,-,-
191,-,-,-,-,-,-,-,-,-,-,-,-,-,-,-,-,-,-,-,-
192,-,-,-,-,-,-,-,-,-,-,-,-,-,-,-,-,-,-,-,-
193,-,-,-,-,-,-,-,-,-,-,-,-,-,-,-,-,-,-,-,-
194,-,-,-,-,-,-,-,-,-,-,-,-,-,-,-,-,-,-,-,-
195,-,-,-,-,-,-,-,-,-,-,-,-,-,-,-,-,-,-,-,-
196,-,-,-,-,-,-,-,-,-,-,-,-,-,-,-,-,-,-,-,-
197,-,-,-,-,-,-,-,-,-,-,-,-,-,-,-,-,-,-,-,-
198,-,-,-,-,-,-,-,-,-,-,-,-,-,-,-,-,-,-,-,-
199,-,-,-,-,-,-,-,-,-,-,-,-,-,-,-,-,-,-,-,-
200,-,-,-,-,-,-,-,-,-,-,-,-,-,-,-,-,-,-,-,-
201,-,-,-,-,-,-,-,-,-,-,-,-,-,-,-,-,-,-,-,-
202,-,-,-,-,-,-,-,-,-,-,-,-,-,-,-,-,-,-,-,-
203,-,-,-,-,-,-,-,-,-,-,-,-,-,-,-,-,-,-,-,-
204,-,-,-,-,-,-,-,-,-,-,-,-,-,-,-,-,-,-,-,-
205,-,-,-,-,-,-,-,-,-,-,-,-,-,-,-,-,-,-,-,-
206,-,-,-,-,-,-,-,-,-,-,-,-,-,-,-,-,-,-,-,-
207,-,-,-,-,-,-,-,-,-,-,-,-,-,-,-,-,-,-,-,-
208,-,-,-,-,-,-,-,-,-,-,-,-,-,-,-,-,-,-,-,-
209,-,-,-,-,-,-,-,-,-,-,-,-,-,-,-,-,-,-,-,-
210,-,-,-,-,-,-,-,-,-,-,-,-,-,-,-,-,-,-,-,-
211,-,-,-,-,-,-,-,-,-,-,-,-,-,-,-,-,-,-,-,-
212,-,-,-,-,-,-,-,-,-,-,-,-,-,-,-,-,-,-,-,-
213,-,-,-,-,-,-,-,-,-,-,-,-,-,-,-,-,-,-,-,-
214,-,-,-,-,-,-,-,-,-,-,-,-,-,-,-,-,-,-,-,-
215,-,-,-,-,-,-,-,-,-,-,-,-,-,-,-,-,-,-,-,-
216,-,-,-,-,-,-,-,-,-,-,-,-,-,-,-,-,-,-,-,-
217,-,-,-,-,-,-,-,-,-,-,-,-,-,-,-,-,-,-,-,-
218,-,-,-,-,-,-,-,-,-,-,-,-,-,-,-,-,-,-,-,-
219,-,-,-,-,-,-,-,-,-,-,-,-,-,-,-,-,-,-,-,-
220,-,-,-,-,-,-,-,-,-,-,-,-,-,-,-,-,-,-,-,-
221,-,-,-,-,-,-,-,-,-,-,-,-,-,-,-,-,-,-,-,-
222,-,-,-,-,-,-,-,-,-,-,-,-,-,-,-,-,-,-,-,-
223,-,-,-,-,-,-,-,-,-,-,-,-,-,-,-,-,-,-,-,-
224,-,-,-,-,-,-,-,-,-,-,-,-,-,-,-,-,-,-,-,-
225,-,-,-,-,-,-,-,-,-,-,-,-,-,-,-,-,-,-,-,-
226,-,-,-,-,-,-,-,-,-,-,-,-,-,-,-,-,-,-,-,-
227,-,-,-,-,-,-,-,-,-,-,-,-,-,-,-,-,-,-,-,-
228,-,-,-,-,-,-,-,-,-,-,-,-,-,-,-,-,-,-,-,-
229,-,-,-,-,-,-,-,-,-,-,-,-,-,-,-,-,-,-,-,-
230,-,-,-,-,-,-,-,-,-,-,-,-,-,-,-,-,-,-,-,-
231,-,-,-,-,-,-,-,-,-,-,-,-,-,-,-,-,-,-,-,-
232,-,-,-,-,-,-,-,-,-,-,-,-,-,-,-,-,-,-,-,-
233,-,-,-,-,-,-,-,-,-,-,-,-,-,-,-,-,-,-,-,-
234,-,-,-,-,-,-,-,-,-,-,-,-,-,-,-,-,-,-,-,-
235,-,-,-,-,-,-,-,-,-,-,-,-,-,-,-,-,-,-,-,-
236,-,-,-,-,-,-,-,-,-,-,-,-,-,-,-,-,-,-,-,-
237,-,-,-,-,-,-,-,-,-,-,-,-,-,-,-,-,-,-,-,-
238,-,-,-,-,-,-,-,-,-,-,-,-,-,-,-,-,-,-,-,-
239,-,-,-,-,-,-,-,-,-,-,-,-,-,-,-,-,-,-,-,-
240,-,-,-,-,-,-,-,-,-,-,-,-,-,-,-,-,-,-,-,-
241,-,-,-,-,-,-,-,-,-,-,-,-,-,-,-,-,-,-,-,-
242,-,-,-,-,-,-,-,-,-,-,-,-,-,-,-,-,-,-,-,-
243,-,-,-,-,-,-,-,-,-,-,-,-,-,-,-,-,-,-,-,-
244,-,-,-,-,-,-,-,-,-,-,-,-,-,-,-,-,-,-,-,-
245,-,-,-,-,-,-,-,-,-,-,-,-,-,-,-,-,-,-,-,-
246,-,-,-,-,-,-,-,-,-,-,-,-,-,-,-,-,-,-,-,-
247,-,-,-,-,-,-,-,-,-,-,-,-,-,-,-,-,-,-,-,-
248,-,-,-,-,-,-,-,-,-,-,-,-,-,-,-,-,-,-,-,-
249,-,-,-,-,-,-,-,-,-,-,-,-,-,-,-,-,-,-,-,-
250,-,-,-,-,-,-,-,-,-,-,-,-,-,-,-,-,-,-,-,-
251,-,-,-,-,-,-,-,-,-,-,-,-,-,-,-,-,-,-,-,-
252,-,-,-,-,-,-,-,-,-,-,-,-,-,-,-,-,-,-,-,-
253,-,-,-,-,-,-,-,-,-,-,-,-,-,-,-,-,-,-,-,-
254,-,-,-,-,-,-,-,-,-,-,-,-,-,-,-,-,-,-,-,-
255,-,-,-,-,-,-,-,-,-,-,-,-,-,-,-,-,-,-,-,-
256,-,-,-,-,-,-,-,-,-,-,-,-,-,-,-,-,-,-,-,-
257,-,-,-,-,-,-,-,-,-,-,-,-,-,-,-,-,-,-,-,-
258,-,-,-,-,-,-,-,-,-,-,-,-,-,-,-,-,-,-,-,-
259,-,-,-,-,-,-,-,-,-,-,-,-,-,-,-,-,-,-,-,-
260,-,-,-,-,-,-,-,-,-,-,-,-,-,-,-,-,-,-,-,-
261,-,-,-,-,-,-,-,-,-,-,-,-,-,-,-,-,-,-,-,-
262,-,-,-,-,-,-,-,-,-,-,-,-,-,-,-,-,-,-,-,-
263,-,-,-,-,-,-,-,-,-,-,-,-,-,-,-,-,-,-,-,-
264,-,-,-,-,-,-,-,-,-,-,-,-,-,-,-,-,-,-,-,-
265,-,-,-,-,-,-,-,-,-,-,-,-,-,-,-,-,-,-,-,-
266,-,-,-,-,-,-,-,-,-,-,-,-,-,-,-,-,-,-,-,-
267,-,-,-,-,-,-,-,-,-,-,-,-,-,-,-,-,-,-,-,-
268,-,-,-,-,-,-,-,-,-,-,-,-,-,-,-,-,-,-,-,-
269,-,-,-,-,-,-,-,-,-,-,-,-,-,-,-,-,-,-,-,-
270,-,-,-,-,-,-,-,-,-,-,-,-,-,-,-,-,-,-,-,-
271,-,-,-,-,-,-,-,-,-,-,-,-,-,-,-,-,-,-,-,-
272,-,-,-,-,-,-,-,-,-,-,-,-,-,-,-,-,-,-,-,-
273,-,-,-,-,-,-,-,-,-,-,-,-,-,-,-,-,-,-,-,-
274,-,-,-,-,-,-,-,-,-,-,-,-,-,-,-,-,-,-,-,-
275,-,-,-,-,-,-,-,-,-,-,-,-,-,-,-,-,-,-,-,-
276,-,-,-,-,-,-,-,-,-,-,-,-,-,-,-,-,-,-,-,-
277,-,-,-,-,-,-,-,-,-,-,-,-,-,-,-,-,-,-,-,-
278,-,-,-,-,-,-,-,-,-,-,-,-,-,-,-,-,-,-,-,-
279,-,-,-,-,-,-,-,-,-,-,-,-,-,-,-,-,-,-,-,-
280,-,-,-,-,-,-,-,-,-,-,-,-,-,-,-,-,-,-,-,-
281,-,-,-,-,-,-,-,-,-,-,-,-,-,-,-,-,-,-,-,-
282,-,-,-,-,-,-,-,-,-,-,-,-,-,-,-,-,-,-,-,-
283,-,-,-,-,-,-,-,-,-,-,-,-,-,-,-,-,-,-,-,-
284,-,-,-,-,-,-,-,-,-,-,-,-,-,-,-,-,-,-,-,-
285,-,-,-,-,-,-,-,-,-,-,-,-,-,-,-,-,-,-,-,-
286,-,-,-,-,-,-,-,-,-,-,-,-,-,-,-,-,-,-,-,-
287,-,-,-,-,-,-,-,-,-,-,-,-,-,-,-,-,-,-,-,-
288,-,-,-,-,-,-,-,-,-,-,-,-,-,-,-,-,-,-,-,-
289,-,-,-,-,-,-,-,-,-,-,-,-,-,-,-,-,-,-,-,-
290,-,-,-,-,-,-,-,-,-,-,-,-,-,-,-,-,-,-,-,-
291,-,-,-,-,-,-,-,-,-,-,-,-,-,-,-,-,-,-,-,-
292,-,-,-,-,-,-,-,-,-,-,-,-,-,-,-,-,-,-,-,-
293,-,-,-,-,-,-,-,-,-,-,-,-,-,-,-,-,-,-,-,-
294,-,-,-,-,-,-,-,-,-,-,-,-,-,-,-,-,-,-,-,-
295,-,-,-,-,-,-,-,-,-,-,-,-,-,-,-,-,-,-,-,-
296,-,-,-,-,-,-,-,-,-,-,-,-,-,-,-,-,-,-,-,-
297,-,-,-,-,-,-,-,-,-,-,-,-,-,-,-,-,-,-,-,-
298,-,-,-,-,-,-,-,-,-,-,-,-,-,-,-,-,-,-,-,-
299,-,-,-,-,-,-,-,-,-,-,-,-,-,-,-,-,-,-,-,-
300,-,-,-,-,-,-,-,-,-,-,-,-,-,-,-,-,-,-,-,-